HeadingPageNoTest	
1987 GRC Krugerrand 1 Oz 
1987 GRC Krugerrand H Oz 
1987 GRC Krugerrand Q Oz 
1987 GRC Krugerrand Set 
1987 GRC Krugerrand T Oz 
1987 Krugerrand 1 Oz 
1987 Krugerrand H Oz 
1987 Krugerrand Prestige Set 
1987 Krugerrand T Oz + Q Oz 
1987 Protea Silver R1 
1987 RSA Currency Proof Coin Set
1988 Krugerrand Set 
1988 GRC Krugerrand 1 Oz 
1988 GRC Krugerrand 1 Oz GHST 
1988 GRC Krugerrand H Oz 
1988 GRC Krugerrand H Oz FB 
1988 GRC Krugerrand H Oz GST 
1988 GRC Krugerrand Q Oz 
1988 GRC Krugerrand Set 
1988 GRC Krugerrand T Oz 
1988 Krugerrand 1 OZ 
1988 Krugerrand H Oz 
1988 Krugerrand T Oz + Q Oz 
1988 Protea 1 Oz -  Dias 
1988 Protea 1 Oz – Groot Trek 
1988 Protea 1 Oz – Huguenots 
1988 Protea Gold Set 
1988 Protea Silver R1 –  Dias 
1988 Protea Silver R1 –  Huguenots 
1988 Protea Silver R1 – Groot Trek 
1988 Protea Silver Set 
1988 Protea T Oz Gold - Dias 
1988 Protea T Oz Gold – Groot Trek 
1988 Protea T Oz Gold – Huguenots 
1988 RSA Currency Proof Coin Set
1989 GRC 1 Oz 
1989 GRC H Oz 
1989 GRC Q Oz 
1989 GRC Set 
1989 GRC T Oz 
1989 Krugerrand 1 Oz 
1989 Krugerrand H Oz 
1989 Krugerrand Prestige Set 
1989 Krugerrand Proof Set 
1989 Krugerrand T Oz + Q Oz 
1989 Proof R2 
1989 Protea Silver R1 
1989 REP2 NKL 5c 
1989 RSA Currency Proof Coin Set
1990 GRC Krugerrand Q Oz 
1990 GRC Krugerrand Set 
1990 Krugerrand 1 Oz 
1990 Krugerrand H Oz 
1990 Krugerrand Prestige Set 
1990 Krugerrand Q Oz 
1990 Krugerrand T Oz 
1990 Protea R1 PW Botha 
1990 Protea Silver R1 
1990 RSA Currency Proof Coin Set
1991 GRC Krugerrand Set 
1991 Krugerrand 1 Oz 
1991 Krugerrand H Oz 
1991 Krugerrand Prestige Set 
1991 Krugerrand Q Oz 
1991 Krugerrand T Oz 
1991 Protea 1 Oz 
1991 Protea Silver R1 
1991 Protea T Oz 
1991 RSA Currency Proof Coin Set
1992 Krugerrand 1 Oz 
1992 Krugerrand H Oz 
1992 Krugerrand Prestige Set 
1992 Krugerrand Q Oz 
1992 Krugerrand T Oz 
1992 Olympic Games Silver R2 
1992 Protea 1 Oz 
1992 Protea Silver R1 
1992 Protea Silver R2 
1992 Protea T Oz 
1992 RSA Currency Proof Coin Set 
1993 Krugerrand 1 Oz 
1993 Krugerrand H Oz 
1993 Krugerrand Prestige Set 
1993 Krugerrand Q Oz 
1993 Krugerrand T Oz 
1993 Protea 1 Oz - Banking 
1993 Protea GRC 1 Oz 
1993 Protea Silver R1 - Banking 
1993 Protea Silver R2 – Peace 
1993 Protea T Oz - Banking 
1993 RSA Currency Proof  Coin Set 
1994 Krugerrand 1 Oz 
1994 Krugerrand H Oz 
1994 Krugerrand Prestige Set 
1994 Krugerrand Proof Set 
1994 Krugerrand Q Oz 
1994 Krugerrand T Oz 
1994 Natura 1 Oz 
1994 Natura 1 Oz – Launch “PTA ZOO ” 
1994 Natura H Oz 
1994 Natura Prestige Set 
1994 Natura Proof Set 
1994 Natura Q Oz 
1994 Natura T Oz 
1994 Protea 1 Oz 
1994 Protea 1 Oz “ZOO” - Conservation 
1994 Protea Inauguration 1 Oz 
1994 Protea Inauguration Silver R1 
1994 Protea Nickel Inauguration R5 
1994 Protea Proof Set 
1994 Protea Silver R1 
1994 Protea T Oz 
1994 RSA Currency Proof Coin Set 
1994 World Cup Soccer R2
1995 Krugerrand 1 Oz 
1995 Krugerrand H Oz 
1995 Krugerrand Prestige Set 
1995 Krugerrand Q Oz 
1995 Krugerrand Set 
1995 Krugerrand T Oz 
1995 Natura 1 Oz 
1995 Natura 1 Oz – Launch “” 
1995 Natura H Oz 
1995 Natura Prestige Set 
1995 Natura Q Oz 
1995 Natura Set 
1995 Natura T Oz 
1995 Protea 1 Oz 
1995 Protea FOA Silver R2 
1995 Protea Rugby 1 Oz Gold 
1995 Protea Rugby Silver R2 
1995 Protea Set 
1995 Protea Silver R1 (Open/close Doors) 
1995 Protea T Oz (open/close doors) 
1995 Protea UN 50th Silver R2 
1995 RSA Currency Proof Coin Set 
1996 Krugerrand 1 Oz 
1996 Krugerrand  Proof Set 
1996 Krugerrand H Oz 
1996 Krugerrand Prestige Set 
1996 Krugerrand Q Oz 
1996 Krugerrand T Oz 
1996 Natura 1 Oz 
1996 Natura 1 Oz – Launch “COIN WORLD””MANDLEVE” 
1996 Natura H Oz 
1996 Natura Prestige Set 
1996 Natura Proof Set 
1996 Natura Q Oz 
1996 Natura T Oz 
1996 Protea 1 Oz + (Error Constitution) 
1996 Protea Set 
1996 Protea T Oz 
1996 Protea silver R1 
1996 RSA Currency Proof Coin Set 
1996 World Cup Soccer - Victory Set
1996 World Cup Soccer Silver R2 - Bafana Bafana 
1997 30 Yr Anniversary  + BW 
1997 30 Yr Anniversary  SS Mintmark 
1997 30 Yr Anniversary 
1997 Cultural T Oz R1 – Heart Transplant 
1997 Krugerrand 1 Oz 
1997 Krugerrand 1 Oz – Launch 30 Yr 
1997 Krugerrand H Oz 
1997 Krugerrand Q Oz 
1997 Krugerrand Set 
1997 Krugerrand T Oz 
1997 Maritime 2R Silver 
1997 Maritime 25c 
1997 Maritime Combo Set 
1997 Natura 1 Oz 
1997 Natura 1 Oz - Launch 
1997 Natura  H Oz 
1997 Natura  Q Oz 
1997 Natura  T Oz 
1997 Natura Prestige Set 
1997 Natura Proof Set 
1997 Plesianthropus Q Oz R2 - “Mrs Ples” 
1997 Prestige Krugerrand Set 
1997 Protea 1 Oz 
1997 Protea Set 
1997 Protea Silver R1 
1997 Protea T Oz 
1997 RSA Currency Proof Coin Set
1998 Cultural R1 
1998 Heritage R2 
1998 Krugerrand 1 Oz 
1998 Krugerrand De Beers Set 
1998 Krugerrand H Oz 
1998 Krugerrand Q Oz 
1998 Krugerrand Set 
1998 Krugerrand T Oz 
1998 Maritime 2R Silver 
1998 Maritime 25c 
1998 Natura  1 Oz 
1998 Natura  H Oz 
1998 Natura  Q Oz 
1998 Natura  T Oz 
1998 Natura Launch 1 Oz 
1998 Natura Prestige Set 
1998 Natura Proof Set 
1998 Prestige Krugerrand Set 
1998 Protea 1 Oz 
1998 Protea Launch  Set 
1998 Protea Set 
1998 Protea Silver R1 
1998 Protea T Oz 
1998 RSA Currency Proof Coin Set 
1999 Cultural 
1999 Heritage R2 
1999 Krugerrand 1 Oz 
1999 Krugerrand 1 Oz Combo Sets 
1999 Krugerrand H Oz 
1999 Krugerrand Portrait Set 
1999 Krugerrand Prestige Set 
1999 Krugerrand Proof Set 
1999 Krugerrand Q Oz 
1999 Krugerrand Replica-1898 “Single 9” on overstrike Pound 1998  Error Bookmark not defined 
1999 Krugerrand T Oz 
1999 Krugerrand century edition set 
1999 Maritime 2R Silver 
1999 Maritime 25c 
1999 Maritime Combo Set 
1999 Natura  1 Oz 
1999 Natura  H Oz 
1999 Natura  Q Oz 
1999 Natura  T Oz 
1999 Natura Launch 1 Oz 
1999 Natura Prestige Collector’s Edition 
1999 Natura Prestige Set 
1999 Natura Proof Set 
1999 Natura Special Edition Set 
1999 Natura T Oz Inauguration Edition 
1999 Protea 1 Oz 
1999 Protea Launch  Set 
1999 Protea Set 
1999 Protea Silver R1 
1999 Protea T Oz 
1999 RSA Currency Proof Coin Set
2000 Cultural (Old/New COA++) 
2000 Cultural Coat of Arms Combination Set 
2000 Cultural Gold Rand Set (Old/New COA) 
2000 Heritage R2 Launch 
2000 Heritage R2 
2000 Krugerrand 1 Oz 
2000 Krugerrand H Oz 
2000 Krugerrand Millenium MM 2x1 Oz 
2000 Krugerrand Millenium MM 2xT Oz 
2000 Krugerrand Millenium Proof Set 
2000 Krugerrand Prestige Set 
2000 Krugerrand Proof Set 
2000 Krugerrand Q Oz 
2000 Krugerrand Set Germany 
2000 Krugerrand T Oz 
2000 Krugerrand and the Celtic Coin 
2000 Launch “WINE” 1 Oz (WM) 
2000 Launch “WINE” 1 Oz + Barrel 
2000 Launch “WINE” + Barrel + Wine 
2000 Maritime 2R Silver 
2000 Maritime 25c 
2000 Maritime Combo Set 
2000 Natura 1Oz 
2000 Natura 1Oz International Mintmark edition 
2000 Natura  H Oz 
2000 Natura  Q Oz 
2000 Natura  T Oz 
2000 Natura Launch 1 Oz 
2000 Natura Prestige Collector’s Edition 
2000 Natura Prestige Set 
2000 Natura Proof Set 
2000 Nelson Mandela 4 x R5 
2000 Nelson Mandela R5 
2000 Protea 1 Oz 
2000 Protea Set 
2000 Protea Silver R1 
2000 Protea T Oz 
2000 RSA Currency Proof Coin Set 
2000 Wildlife 5c 
2000 Wildlife 10c 
2000 Wildlife 20c 1 Oz 
2000 Wildlife 50c 2Oz 
2000 Wildlife Prestige Set 
2000 Wildlife Set 
2001 Cultural 
2001 Heritage R2 Launch “GODWANA” 
2001 Heritage R2 
2001 Krugerrand 1 Oz 
2001 Krugerrand H Oz 
2001 Krugerrand Monarch Set 
2001 Krugerrand Prestige Set 
2001 Krugerrand Proof Set  (local/Int) 
2001 Krugerrand Q Oz 
2001 Krugerrand Special Set (R5 Mandela Centre) 
2001 Krugerrand T Oz 
2001 Krugerrand anniversary Edition 
2001 Maritime 2R Silver 
2001 Maritime 25c 
2001 Maritime Combo Set 
2001 Natura  1 Oz 
2001 Natura  H Oz 
2001 Natura  Q Oz 
2001 Natura  T Oz 
2001 Natura Launch 1 Oz “COINWORLD” 
2001 Natura Millennium Monarch Set 
2001 Natura Prestige Collector’s Edition Set & 1 Oz Launch International Edition 317 
2001 Natura Prestige Set 
2001 Natura Proof Set 
2001 Natura Set Germany (Export ) 
2001 Natura Special Proof Set 
2001 Protea 1 Oz 
2001 Protea Set 
2001 Protea Silver R1 
2001 Protea Special Launch Set “TOURISM” 
2001 Protea T Oz 
2001 RSA Currency Proof Coin Set  
2001 Special Krugerrand Launch Coin “CW” 
2001 The Mintmark African Treasure 
2001 Wildlife 5c 
2001 Wildlife 10c 
2001 Wildlife 20c 1 Oz 
2001 Wildlife 50c 2Oz 
2001 Wildlife Prestige Set 
2001 Wildlife Proof Set 
2002 4 x Combination Sets (each 200012) 
2002 35th Anniversary Krugerrand Set 
2002 African Elephant Gold Set 
2002 Cultural 
2002 Heritage R2 Launch 
2002 Heritage R2 
2002 Krugerrand 1 Oz 
2002 Krugerrand H Oz 
2002 Krugerrand Launch 1 Oz “BASIL” (Local/Export) 
2002 Krugerrand Prestige Set 
2002 Krugerrand Proof  Set 
2002 Krugerrand Q Oz 
2002 Krugerrand T Oz 
2002 Maritime 2R Silver - Whales 
2002 Maritime 25c – Whales 
2002 Maritime Combo Set – Whales 
2002 Natura 1 Oz “CHEETAH” Export 
2002 Natura  1 Oz 
2002 Natura  H Oz 
2002 Natura  Q Oz 
2002 Natura  T Oz 
2002 Natura Launch 1 Oz “CHT” 
2002 Natura Prestige Set 
2002 Natura Proof  Set 
2002 Natura Special Prestige Set 
2002 Protea 1 Oz – Soccer 
2002 Protea 1 Oz – World Summit 
2002 Protea Proof Set – Soccer 
2002 Protea Set – World Summit 
2002 Protea Silver R1 – Soccer 
2002 Protea Silver R1 – World Summit 
2002 Protea Special Launch Set - Soccer 
2002 Protea Special Launch Set – World Summit 
2002 Protea T Oz – Soccer 
2002 Protea T Oz – World Summit 
2002 RSA Currency Proof Coin Set  
2002 Veldpond Centenary Krugerrand Set 
2002 Wildlife 5c 
2002 Wildlife 10c 
2002 Wildlife 20c 1 Oz 
2002 Wildlife 50c 2Oz 
2002 Wildlife Prestige Set 
2002 Wildlife Set 
2002 World Cup Soccer Silver R1 
2003 4 x Combination Sets (each 2000123) 
2003 Cultural 
2003 Heritage R2 Launch 
2003 Heritage R2 
2003 Krugerrand 1 Oz 
2003 Krugerrand H Oz 
2003 Krugerrand Launch “CULLINAN” 1 Oz 
2003 Krugerrand Prestige Set 
2003 Krugerrand Proof Set 
2003 Krugerrand Q Oz 
2003 Krugerrand T Oz 
2003 Krugerrand The commemorative Tiffany Diamond Krugerrand Set 
2003 Krugerrand-Natura 10 Years Set 
2003 Maritime 2R Silver 
2003 Maritime 25c 
2003 Maritime Combo Set 
2003 Natura  1 Oz 
2003 Natura  1 Oz Mint-Mark 
2003 Natura  H Oz 
2003 Natura  Q Oz 
2003 Natura  T Oz 
2003 Natura  Wild cats of America ( +1 Oz Mintmark) 
2003 Natura Anniversary Set with Medallion 
2003 Natura Launch 1 Oz 
2003 Natura Prestige Set 
2003 Natura Proof  Set 
2003 Protea 1 Oz 
2003 Protea Launch  Set 
2003 Protea Set 
2003 Protea Silver R1 
2003 Protea T Oz 
2003 RSA Currency Proof Coin Set
2003 Wildlife 5c 
2003 Wildlife 10c 
2003 Wildlife 20c 1 Oz 
2003 Wildlife 50c 2Oz 
2003 Wildlife Prestige Set  – The Rhino 
2003 Wildlife Proof Set – The Rhino 
2004 4 x Combination Sets (each 20001234) 
2004 Bird 2R Silver 
2004 Bird 25c 
2004 Bird Combo Set 
2004 Cultural 
2004 Heritage R2 Launch (Local+Int) 
2004 Heritage R2 
2004 Krugerrand 1 Oz 
2004 Krugerrand Burgerspond Set 
2004 Krugerrand H Oz 
2004 Krugerrand Launch (International) 
2004 Krugerrand Launch (Local) 
2004 Krugerrand Prestige Set 
2004 Krugerrand Proof Set 
2004 Krugerrand Q Oz 
2004 Krugerrand Special COA 
2004 Krugerrand Special Set Bust 
2004 Krugerrand Special Set Square Medal 
2004 Krugerrand T Oz 
2004 Natura  1 Oz 
2004 Natura  H Oz 
2004 Natura  Prestige Set 
2004 Natura  Q Oz 
2004 Natura  T Oz 
2004 Natura De Lux Set 
2004 Natura Launch 1 Oz (Local/Int) 
2004 Natura Proof  Set 
2004 Natura Special Set + Packaging 
2004 Natura Special Set 
2004 Paul Kruger Commemorative Set 
2004 Protea 1 Oz 
2004 Protea Launch  Set (Local+Int) 
2004 Protea Launch Coin 
2004 Protea Proof  Set 
2004 Protea Sierra Leone 
2004 Protea Silver R1 
2004 Protea T Oz 
2004 Protea Turkey 
2004 RSA Currency Proof Coin Set
2004 Wild Life Special Edition 
2004 Wildlife 5c 
2004 Wildlife 10c 
2004 Wildlife 20c 1 Oz 
2004 Wildlife 50c 2Oz 
2004 Wildlife Prestige Set 
2004 Wildlife Set 
2005 Bird 2R Silver 
2005 Bird 25c 
2005 Bird Combo Set 
2005 Cultural 
2005 Heritage R2 Launch 
2005 Heritage R2 
2005 Krugerrand 1 Oz  Star of Africa Mintmark 
2005 Krugerrand 1 Oz  Star of Africa Mintmark (export) 
2005 Krugerrand 1 Oz 
2005 Krugerrand 4 Certified Set 
2005 Krugerrand First Strike Set export 
2005 Krugerrand H Oz 
2005 Krugerrand Jubilee Set 
2005 Krugerrand Launch Set 
2005 Krugerrand Prestige Set 
2005 Krugerrand Proof Set 
2005 Krugerrand Q Oz – Certified 
2005 Krugerrand Q Oz 
2005 Krugerrand T Oz 
2005 Natura 3 Coin Set 
2005 Natura  1 Oz 
2005 Natura  1 Oz CARVED HIPPO 
2005 Natura  Exclusive Set 
2005 Natura  H Oz 
2005 Natura  Q Oz 
2005 Natura  T Oz 
2005 Natura Certified Set 
2005 Natura H Oz Carved Hippo 
2005 Natura Launch 1 Oz 
2005 Natura MINTMARK Natura 1 Oz 
2005 Natura Prestige Set 
2005 Natura Proof  Set 
2005 Natura Q Oz + T Oz Carved Hippo 
2005 Oom Paul Coin Set export 
2005 Protea 1 Oz 
2005 Protea Launch  Set 
2005 Protea Set 
2005 Protea Silver R1 
2005 Protea T Oz 
2005 R5 Auction Set 
2005 RSA Currency Proof Coin Set
2005 Star Africa Krugerrand set 
2005 Treasures Africa Krugerrand Set export 
2005 Wildlife 5c 
2005 Wildlife 10c 
2005 Wildlife 20c 1 Oz 
2005 Wildlife 50c 2Oz 
2005 Wildlife Prestige Set 
2005 Wildlife Set 
2005 World Cup Soccer Gold R2 
2005 World Cup Soccer Set 
2005 World Cup Soccer Silver R2 
2006 Bird 2R Silver 
2006 Bird 5c 
2006 Bird Combo Set 
2006 Cultural EMASWATI T Oz 
2006 Germany FIFA World Cup 
2006 Germany R2 Gold 
2006 Heritage Q Oz Launch 
2006 Heritage R2 
2006 Krugerrand 1 Oz 
2006 Krugerrand H Oz 
2006 Krugerrand Launch Set 
2006 Krugerrand Prestige Set 
2006 Krugerrand Proof Set 
2006 Krugerrand Q OZ 
2006 Krugerrand Set - Otto Schultz 
2006 Krugerrand Set First Strike 
2006 Krugerrand Special Set - Otto Schultz 
2006 Krugerrand Special Set – King Edward VII 
2006 Krugerrand T Oz 
2006 Natura  1 Oz 
2006 Natura  H Oz 
2006 Natura  Q Oz 
2006 Natura  T Oz 
2006 Natura Exclusive Set 
2006 Natura Launch 1 Oz  (Local/Int) 
2006 Natura Prestige Set 
2006 Natura Proof Set 
2006 Natura Special 1 Oz Figurine 
2006 Natura Special 3 Coins H OzQ OzT Oz 
2006 Natura Special H Oz Figurine 
2006 Natura Special Q OzT Oz Figurine 
2006 Protea 1 Oz 
2006 Protea Launch  Set (Local/Int) 
2006 Protea Set 
2006 Protea Silver R1 
2006 Protea T Oz 
2006 RSA Currency Proof Coin Set 
2006 Wildlife 5c 
2006 Wildlife 10c 
2006 Wildlife 20c 1 Oz 
2006 Wildlife 50c 2Oz 
2006 Wildlife Prestige Set 
2006 Wildlife Set 
2006 World Cup Soccer Official R2 Gold Q Oz 
2006 World Cup Soccer Set Q OzR2 SLV 
2006 World Cup Soccer Set Q Oz Launch 
2006 World Cup Soccer WCUP Silver R2 
2007 Cultural Gold R1 AFRIKANER 
2007 Heritage Gold R2 
2007 Heritage Gold R2 Launch 
2007 Krugerrand 1 Oz 
2007 Krugerrand 40yrs MM 1 Oz (Local + Int) 
2007 Krugerrand H Oz 
2007 Krugerrand Prestige Set 
2007 Krugerrand Proof Set 
2007 Krugerrand Q Oz 
2007 Krugerrand T Oz 
2007 Krugerrrand 40th Anniversary Set International 
2007 Natura  1 Oz 
2007 Natura  H Oz 
2007 Natura  Q Oz 
2007 Natura  T Oz 
2007 Natura Certified Set 
2007 Natura Exclusive Set 
2007 Natura Launch 1 Oz (SASI) (Local + Int) 
2007 Natura Prestige Set 
2007 Natura Proof Set 
2007 Natura Special Artist Edition 1 Oz 
2007 Natura Special Artist Edition H + Q + T Oz 
2007 Natura Special Set 1 Oz Eland Carved 
2007 Natura Special Set H Oz Eland Carved 
2007 Natura Special Set Q OZ + T Oz Eland Carved 
2007 Polar 2R Silver 
2007 Polar 25c 
2007 Polar Combination Set 
2007 Protea 1 Oz (DE KLERK + MANDELA) 
2007 Protea  T Oz MANDELA 
2007 Protea Launch  Set 
2007 Protea Nobel Peace Prize Set 
2007 Protea Petit Nobel Peace Price Set 
2007 Protea Set 
2007 Protea Silver R1 – FW De Klerk 
2007 Protea Silver R1 – Nelson Mandela 
2007 Protea T Oz DE KLERK 
2007 RSA Currency Proof Coin Set 
2007 Special Set 4 Coins wooden Box Int 
2007 Wildlife 5c 
2007 Wildlife 10c 
2007 Wildlife 20c 1 Oz 
2007 Wildlife 50c 2Oz 
2007 Wildlife Prestige Set 
2007 Wildlife Set 
2007 World Cup Soccer  G Q Oz 
2007 World Cup Soccer  G T Oz 
2007 World Cup Soccer Collectors Set Q OzT OzSilver 
2007 World Cup Soccer Silver R2 
2008 90th Mandela Birthday Celebration Set 
2008 Certified Natura Set 
2008 Heritage Gold Launch Set 
2008 Heritage Gold R2 
2008 Krugerrand 1 Oz 
2008 Krugerrand & Meddallion 110yrs KNP 
2008 Krugerrand Deluxe Set 
2008 Krugerrand H Oz 
2008 Krugerrand Launch 
2008 Krugerrand Natura Parks 110Yr 
2008 Krugerrand Oom Paul 2 Coin 
2008 Krugerrand Oom Paul 3 Coin 
2008 Krugerrand Oom Paul R5 Mintmark 
2008 Krugerrand Prestige Set 
2008 Krugerrand Proof Set 
2008 Krugerrand Q Oz 
2008 Krugerrand Special Gold Set 
2008 Krugerrand Special Set ¼1/10 Oz 
2008 Krugerrand T Oz 
2008 Krugerrand special set Kruger Bust Medal 
2008 Natura  1 Oz 
2008 Natura  H Oz R50 
2008 Natura  Q Oz R20 
2008 Natura  Set 
2008 Natura  T Oz R10 
2008 Natura Exclusive Set 
2008 Natura Launch 1 Oz 
2008 Natura NDOU Set 
2008 Natura Prestige Set 
2008 Natura Special 3 Coins Set Export 
2008 Natura Special Set 1 Oz Carved Wooden Elephant 
2008 Natura Special Set H Oz Carved Wooden Elephant 
2008 Natura Special Set Q OZOz & T Oz Carved Wooden Elephant 
2008 Natura Special Set Rock Art 
2008 Nelson Mandela Commemorative R5 Coin Set
2008 Polar Year 2R Silver 
2008 Polar Year 25c 
2008 Polar Year Combo Set 
2008 Protea 1 Oz 
2008 Protea Launch  Set 
2008 Protea Proof  Set 
2008 Protea Silver R1 
2008 Protea T Oz 
2008 RSA Currency Proof Coin Set 
2008 Wildlife 5c 
2008 Wildlife 10c 
2008 Wildlife 20c 1 Oz 
2008 Wildlife 50c 2Oz 
2008 Wildlife Prestige Set 
2008 Wildlife Set 
2008 World Cup Soccer  G R1 T Oz 
2008 World Cup Soccer  G R2 Q Oz 
2008 World Cup Soccer  Set 
2008 World Cup Soccer WCUP Silver R2 
2009 Collectors Set 
2009 Cultural Gold R2 
2009 Heritage Gold Launch Set 
2009 Heritage R2 
2009 Krugerrand 1 Oz 
2009 Krugerrand Centenary Set  (Check) 
2009 Krugerrand First Strike Set 
2009 Krugerrand H Oz 
2009 Krugerrand Proof  Set 
2009 Krugerrand Q OZ 
2009 Krugerrand Special Set (Check) 
2009 Krugerrand T Oz 
2009 Krugerrand Train 1 Oz 
2009 Mandela Birthday Set 
2009 Maritime 2R Silver 
2009 Maritime 25c 
2009 Maritime Combo Set 
2009 R5 Proof 2+½ Oz Gold Medal 
2009 Natura  1 Oz 
2009 Natura  H Oz 
2009 Natura  Q Oz 
2009 Natura  T Oz 
2009 Natura EWT Set 
2009 Natura Exclusive Set 
2009 Natura Launch 1 Oz 
2009 Natura Prestige Set 
2009 Prestige Krugerrand Set 
2009 Protea 1 Oz 
2009 Protea Set 
2009 Protea Silver R1 
2009 Protea Special Set 1/10KRANDEA 
2009 Protea T Oz 
2009 RSA Currency Proof Coin Set 
2009 Special Edition Natura Series 
2009 Wildlife 5c 
2009 Wildlife 10c 
2009 Wildlife 20c 1 Oz 
2009 Wildlife 50c 2Oz 
2009 Wildlife Prestige Set 
2009 Wildlife Set 
2009 World Cup Soccer  G R1 T Oz 
2009 World Cup Soccer  G R2 Q Oz 
2009 World Cup Soccer  Launch Set 
2009 World Cup Soccer  Silver R2 
2009 World Cup Soccer Launch  Set 
2009 World Cup Soccer The Laduma Prestige Set 
2009 World Cup Soccer The Mascot Set 
2009 World Cup Soccer The R1 Gold Coin Prestige Set 
2009 World Cup Soccer The R2 Gold Coin Prestige Set 
2009 World Cup Soccer The R2 Silver Crown Prestige Set 
2010 Krugerrand 1 Oz 
2010 Krugerrand Berlin 1 Oz 
2010 Krugerrand Berlin Double Strike Set 
2010 Krugerrand Fractional 30 Yr 
2010 Krugerrand H Oz 
2010 Krugerrand Q Oz 
2010 Krugerrand T Oz 
2010 Maritime 2R Silver 
2010 Maritime 25c 
2010 Maritime Combo Set 
2010 Natura  1 Oz 
2010 Natura  H Oz 
2010 Natura  Q Oz 
2010 Natura  T Oz 
2010 Natura Certified Set 
2010 Natura Exclusive Set 
2010 Natura Launch 1 Oz 
2010 Natura Prestige Set 
2010 Prestige Krugerrand Set 
2010 Protea 1 Oz 
2010 Protea Launch  Set 
2010 Protea Prestige  Set 
2010 Protea Silver R1 
2010 Protea T Oz 
2010 RSA Currency Proof Coin Set 
2010 Wildlife 5c 
2010 Wildlife 10c 
2010 Wildlife 20c 1 Oz 
2010 Wildlife 50c 2Oz 
2010 Wildlife Prestige Set 
2010 Wildlife Set 
2010 World Cup Soccer  G R2 Q Oz 
2010 World Cup Soccer  Q Oz Joseph Blatter commemorative 
2010 World Cup Soccer  R1 T Oz G 
2010 World Cup Soccer - 1 Oz G R200 Trophy Coin 
2010 World Cup Soccer Collectors set 
2010 World Cup Soccer R1 & R2 
2010 World Cup Soccer Silver R2 
2010 World Cup Soccer The Joseph S Blatter Signature Set 
2010 World Cup Soccer The Prestigious Joseph S Blatter Signature Set 
2011 Climate Change Commemorative Set 
2011 Great Limpopo Transfrontier Park: 5c 
2011 Great Limpopo Transfrontier Park: 10c 
2011 Great Limpopo Transfrontier Park: 20c 
2011 Great Limpopo Transfrontier Park: 50c 
2011 Great Limpopo Transfrontier Park: Prestige Set 
2011 Great Limpopo Transfrontier Park: Proof Set 
2011 KRG Launch Set 50yrs 
2011 Krugerrand Royalty Set 
2011 Krugerrand and Sovereign Pro Gold Set 
2011 Krugerrand: 1 oz (22 ct gold) 
2011 Krugerrand: 1/2 oz (22 ct gold) 
2011 Krugerrand: 1/4 oz (22 ct gold) 
2011 Krugerrand: 1/10 oz (22 ct gold) 
2011 Krugerrand: Prestige Set (4 coin set ct gold) 
2011 Maritime History: 2½c (Tickeysterling silver) 
2011 Maritime History: Combination Set (R22½c - sterling silver) 
2011 Maritime History: R2 (Crownsterling silver) 
2011 Natura Launch Set (Kalahari) 
2011 Natura Meerkat: Prestige Set (4 coin set ct gold) 
2011 Natura Meerkat: R 10 (1/10 oz ct gold) 
2011 Natura Meerkat: R 20 (1/4 oz ct gold) 
2011 Natura Meerkat: R 50 (1/2 oz ct gold) 
2011 Natura Meerkat: R 100 (1 oz ct gold) 
2011 Oom Paul R5 Mintmark Coin 2012  794 
2011 Protea - JM Coetzee: Prestige Set (1 oz to 1/10 oz) 
2011 Protea - JM Coetzee: R1 
2011 Protea - JM Coetzee: R 5 (1/10 oz ct gold) 
2011 Protea - JM Coetzee: R 25 (1 oz ct gold) 
2011 Protea Launch Set: 2003 Nobel Prize Winner for Literature - Pr JM Coetzee 
2011 R1 (1/10 oz carat gold) Coin - The African Bee 
2011 R1 (1/10 oz carat gold) Coin - The African Monarch Butterfly 
2011 R2 (1/4 oz carat gold) Coin - The Khoisan Heritage 
2011 R2 Gold coin Launch set 
2011 RSA Currency Proof Coin Set 
2011 SARB 90th Anniversary - Bi-Colour R5 Crown 
2011 SARB 90th Anniversary - Gold Set 
2011 SARB 90th Anniversary - Silver Set 
2011 SARB Commemoration Set 
2011 WWF 50 Year Anniversary: R2 
2011 WWF Launch Set 
2012 Heritage R2 – Koizan Launch 
2012 Krugerrand 1 Oz 
2012 Krugerrand H Oz 
2012 Krugerrand Launch 1 Oz 
2012 Krugerrand Premium De Lux Set 
2012 Krugerrand Prestige Set 
2012 Krugerrand Q OZ 
2012 Krugerrand T Oz 
2012 Mandela Timeless Value 
2012 Natura  1 Oz 
2012 Natura  H Oz 
2012 Natura  T Oz 
2012 Natura Launch 1 Oz 
2012 Natura Prestige Set 
2012 Natura Q Oz 
2012 Polar  Antartica 
2012 Polar  Antartica Set 
2012 Protea 1 Oz 
2012 Protea Launch  Set 
2012 Protea Set 
2012 Protea Silver R1 
2012 Protea T Oz 
2012 RSA Currency Proof Coin Set 
2012 Trains 2R Silver 
2012 Trains 25c 
2012 Trains Combo Set 
2012 Wildlife 5c 
2012 Wildlife 10c 
2012 Wildlife 20c 1 Oz 
2012 Wildlife 50c 2Oz 
2012 Wildlife Prestige Set 
2012 Wildlife Set 
2013 Colectors Set – 100 Years of Union Buildings 
2013 Heritage – The Koisan Culture 
2013 Krugerrand 1 Oz 
2013 Krugerrand First Strike Set 
2013 Krugerrand H Oz 
2013 Krugerrand Launch Set 
2013 Krugerrand Q OZ 
2013 Krugerrand T Oz 
2013 Natura  1 Oz 
2013 Natura  H Oz 
2013 Natura  T Oz 
2013 Natura Certified Set 
2013 Natura Launch 1 Oz 
2013 Natura Natures Families 
2013 Natura Prestige Set 
2013 Natura Q Oz 
2013 Polar  Antartica SetError Bookmark not defined 
2013 Protea 1 Oz 
2013 Protea Launch  Set 
2013 Protea Set 
2013 Protea Silver R1 
2013 Protea T Oz 
2013 R1 (1/10 oz carat gold) Coin - The Bat 
2013 R2 Crownt – 100 Years of Union Buildings 
2013 RSA Currency Proof Coin Set 
2013 SA MArine 20c 1 Oz 
2013 SA MArine 50c 2Oz 
2013 SA Marine 5c 
2013 SA Marine 10c 
2013 SA Marine Prestige Set 
2013 Trains 2R Silver 
2013 Trains 25c 
2013 Trains Combo Set 
